"Status","Start Time","Stop Time","Duration in ms","Parent Suite","Suite","Sub Suite","Test Class","Test Method","Name","Description"
"passed","Sat Feb 13 21:59:41 CST 2021","Sat Feb 13 21:59:41 CST 2021","0","case","test_calc1","TestClac","","","test_add[int]","测试加法运算"
"passed","Sat Feb 13 21:59:41 CST 2021","Sat Feb 13 21:59:41 CST 2021","0","case","test_calc1","TestClac","","","test_div[nagetive]","测试除法运算"
"passed","Sat Feb 13 21:59:41 CST 2021","Sat Feb 13 21:59:41 CST 2021","0","case","test_calc1","TestClac","","","test_div[int]","测试除法运算"
"passed","Sat Feb 13 21:59:41 CST 2021","Sat Feb 13 21:59:41 CST 2021","1","case","test_calc1","TestClac","","","test_mul[zero]",""
"passed","Sat Feb 13 21:59:41 CST 2021","Sat Feb 13 21:59:41 CST 2021","0","case","test_calc1","TestClac","","","test_sub[int]",""
"passed","Sat Feb 13 21:59:41 CST 2021","Sat Feb 13 21:59:41 CST 2021","0","case","test_calc1","TestClac","","","test_div[float]","测试除法运算"
"passed","Sat Feb 13 21:59:41 CST 2021","Sat Feb 13 21:59:41 CST 2021","0","case","test_calc1","TestClac","","","test_add[bigint]","测试加法运算"
"passed","Sat Feb 13 21:59:41 CST 2021","Sat Feb 13 21:59:41 CST 2021","0","case","test_calc1","TestClac","","","test_mul[int]",""
"passed","Sat Feb 13 21:59:41 CST 2021","Sat Feb 13 21:59:41 CST 2021","0","case","test_calc1","TestClac","","","test_sub[single-nagetive]",""
"failed","Sat Feb 13 21:59:41 CST 2021","Sat Feb 13 21:59:41 CST 2021","1","case","test_calc1","TestClac","","","test_add[failed]","测试加法运算"
"passed","Sat Feb 13 21:59:41 CST 2021","Sat Feb 13 21:59:41 CST 2021","0","case","test_calc1","TestClac","","","test_div[single-nagetive]","测试除法运算"
"passed","Sat Feb 13 21:59:41 CST 2021","Sat Feb 13 21:59:41 CST 2021","0","case","test_calc1","TestClac","","","test_add[float]","测试加法运算"
"passed","Sat Feb 13 21:59:41 CST 2021","Sat Feb 13 21:59:41 CST 2021","0","case","test_calc1","TestClac","","","test_mul[nagetive]",""
"passed","Sat Feb 13 21:59:41 CST 2021","Sat Feb 13 21:59:41 CST 2021","0","case","test_calc1","TestClac","","","test_div[left-zero]","测试除法运算"
"passed","Sat Feb 13 21:59:41 CST 2021","Sat Feb 13 21:59:41 CST 2021","0","case","test_calc1","TestClac","","","test_add[nagetive]","测试加法运算"
"passed","Sat Feb 13 21:59:41 CST 2021","Sat Feb 13 21:59:41 CST 2021","0","case","test_calc1","TestClac","","","test_mul[float]",""
"passed","Sat Feb 13 21:59:41 CST 2021","Sat Feb 13 21:59:41 CST 2021","0","case","test_calc1","TestClac","","","test_sub[float]",""
"passed","Sat Feb 13 21:59:41 CST 2021","Sat Feb 13 21:59:41 CST 2021","0","case","test_calc1","TestClac","","","test_sub[nagetive]",""
"failed","Sat Feb 13 21:59:41 CST 2021","Sat Feb 13 21:59:41 CST 2021","0","case","test_calc1","TestClac","","","test_div[right-zero]","测试除法运算"
